[{"model": "admin.logentry", "pk": 1, "fields": {"action_time": "2022-11-02T11:29:01.075Z", "user": 1, "content_type": 6, "object_id": "1", "object_repr": "Shirts", "action_flag": 1, "change_message": "[{\"added\": {}}]"}}, {"model": "admin.logentry", "pk": 2, "fields": {"action_time": "2022-11-02T11:34:44.244Z", "user": 1, "content_type": 6, "object_id": "1", "object_repr": "Shirts", "action_flag": 2, "change_message": "[]"}}, {"model": "admin.logentry", "pk": 3, "fields": {"action_time": "2022-11-02T11:35:31.879Z", "user": 1, "content_type": 6, "object_id": "2", "object_repr": "T-Shirt", "action_flag": 1, "change_message": "[{\"added\": {}}]"}}, {"model": "admin.logentry", "pk": 4, "fields": {"action_time": "2022-11-02T11:35:44.562Z", "user": 1, "content_type": 6, "object_id": "3", "object_repr": "Shoes", "action_flag": 1, "change_message": "[{\"added\": {}}]"}}, {"model": "admin.logentry", "pk": 5, "fields": {"action_time": "2022-11-02T11:36:01.887Z", "user": 1, "content_type": 6, "object_id": "4", "object_repr": "Jackets", "action_flag": 1, "change_message": "[{\"added\": {}}]"}}, {"model": "admin.logentry", "pk": 6, "fields": {"action_time": "2022-11-02T11:36:23.129Z", "user": 1, "content_type": 6, "object_id": "5", "object_repr": "Jeans", "action_flag": 1, "change_message": "[{\"added\": {}}]"}}, {"model": "admin.logentry", "pk": 7, "fields": {"action_time": "2022-11-02T11:56:49.815Z", "user": 1, "content_type": 8, "object_id": "1", "object_repr": "ATX-Jeans", "action_flag": 1, "change_message": "[{\"added\": {}}]"}}, {"model": "admin.logentry", "pk": 8, "fields": {"action_time": "2022-11-02T11:57:54.367Z", "user": 1, "content_type": 8, "object_id": "2", "object_repr": "RXN Blue Shirt", "action_flag": 1, "change_message": "[{\"added\": {}}]"}}, {"model": "admin.logentry", "pk": 9, "fields": {"action_time": "2022-11-02T11:58:28.091Z", "user": 1, "content_type": 8, "object_id": "3", "object_repr": "Great Tshirt", "action_flag": 1, "change_message": "[{\"added\": {}}]"}}, {"model": "admin.logentry", "pk": 10, "fields": {"action_time": "2022-11-02T11:59:04.385Z", "user": 1, "content_type": 8, "object_id": "4", "object_repr": "Jordan Basketball Shoes", "action_flag": 1, "change_message": "[{\"added\": {}}]"}}, {"model": "admin.logentry", "pk": 11, "fields": {"action_time": "2022-11-02T11:59:29.101Z", "user": 1, "content_type": 8, "object_id": "5", "object_repr": "Mavi Jeans", "action_flag": 1, "change_message": "[{\"added\": {}}]"}}, {"model": "admin.logentry", "pk": 12, "fields": {"action_time": "2022-11-02T12:00:13.973Z", "user": 1, "content_type": 8, "object_id": "6", "object_repr": "Puma Ferrari Shoes", "action_flag": 1, "change_message": "[{\"added\": {}}]"}}, {"model": "admin.logentry", "pk": 13, "fields": {"action_time": "2022-11-02T12:00:35.032Z", "user": 1, "content_type": 8, "object_id": "7", "object_repr": "US Polo Assn Jacket", "action_flag": 1, "change_message": "[{\"added\": {}}]"}}, {"model": "admin.logentry", "pk": 14, "fields": {"action_time": "2022-11-02T12:01:01.241Z", "user": 1, "content_type": 8, "object_id": "8", "object_repr": "Wrangler Shirt", "action_flag": 1, "change_message": "[{\"added\": {}}]"}}, {"model": "admin.logentry", "pk": 15, "fields": {"action_time": "2022-11-02T14:15:29.032Z", "user": 1, "content_type": 8, "object_id": "3", "object_repr": "Great Tshirt", "action_flag": 2, "change_message": "[{\"changed\": {\"fields\": [\"Stock\"]}}]"}}, {"model": "admin.logentry", "pk": 16, "fields": {"action_time": "2022-11-05T05:34:38.753Z", "user": 1, "content_type": 6, "object_id": "5", "object_repr": "Jeans", "action_flag": 3, "change_message": ""}}, {"model": "admin.logentry", "pk": 17, "fields": {"action_time": "2022-11-05T05:34:44.188Z", "user": 1, "content_type": 6, "object_id": "4", "object_repr": "Jackets", "action_flag": 3, "change_message": ""}}, {"model": "admin.logentry", "pk": 18, "fields": {"action_time": "2022-11-05T05:34:47.489Z", "user": 1, "content_type": 6, "object_id": "3", "object_repr": "Shoes", "action_flag": 3, "change_message": ""}}, {"model": "admin.logentry", "pk": 19, "fields": {"action_time": "2022-11-05T05:34:51.217Z", "user": 1, "content_type": 6, "object_id": "2", "object_repr": "T-Shirt", "action_flag": 3, "change_message": ""}}, {"model": "admin.logentry", "pk": 20, "fields": {"action_time": "2022-11-05T05:34:54.702Z", "user": 1, "content_type": 6, "object_id": "1", "object_repr": "Shirts", "action_flag": 3, "change_message": ""}}, {"model": "admin.logentry", "pk": 21, "fields": {"action_time": "2022-11-05T06:52:24.122Z", "user": 1, "content_type": 6, "object_id": "6", "object_repr": "Laptops", "action_flag": 1, "change_message": "[{\"added\": {}}]"}}, {"model": "admin.logentry", "pk": 22, "fields": {"action_time": "2022-11-05T06:52:45.628Z", "user": 1, "content_type": 6, "object_id": "7", "object_repr": "Mobile Phones", "action_flag": 1, "change_message": "[{\"added\": {}}]"}}, {"model": "admin.logentry", "pk": 23, "fields": {"action_time": "2022-11-05T06:53:10.592Z", "user": 1, "content_type": 6, "object_id": "8", "object_repr": "Smart Watch", "action_flag": 1, "change_message": "[{\"added\": {}}]"}}, {"model": "admin.logentry", "pk": 24, "fields": {"action_time": "2022-11-05T06:53:43.977Z", "user": 1, "content_type": 6, "object_id": "9", "object_repr": "Tablets", "action_flag": 1, "change_message": "[{\"added\": {}}]"}}, {"model": "admin.logentry", "pk": 25, "fields": {"action_time": "2022-11-05T06:55:27.910Z", "user": 1, "content_type": 8, "object_id": "9", "object_repr": "IPad Air 5 Wi-fi 2022", "action_flag": 1, "change_message": "[{\"added\": {}}]"}}, {"model": "admin.logentry", "pk": 26, "fields": {"action_time": "2022-11-05T06:56:14.458Z", "user": 1, "content_type": 8, "object_id": "10", "object_repr": "Huawei nova 10", "action_flag": 1, "change_message": "[{\"added\": {}}]"}}, {"model": "admin.logentry", "pk": 27, "fields": {"action_time": "2022-11-05T06:57:24.453Z", "user": 1, "content_type": 8, "object_id": "11", "object_repr": "Galaxy Tab S8 Ultra", "action_flag": 1, "change_message": "[{\"added\": {}}]"}}, {"model": "admin.logentry", "pk": 28, "fields": {"action_time": "2022-11-05T06:58:45.615Z", "user": 1, "content_type": 8, "object_id": "12", "object_repr": "Macbook Pro 13'' 2022 M2", "action_flag": 1, "change_message": "[{\"added\": {}}]"}}, {"model": "admin.logentry", "pk": 29, "fields": {"action_time": "2022-11-05T07:00:07.850Z", "user": 1, "content_type": 8, "object_id": "13", "object_repr": "Huawei Watch Fit (New)", "action_flag": 1, "change_message": "[{\"added\": {}}]"}}, {"model": "admin.logentry", "pk": 30, "fields": {"action_time": "2022-11-05T07:00:56.085Z", "user": 1, "content_type": 8, "object_id": "14", "object_repr": "Xiaomi Smart Band 7", "action_flag": 1, "change_message": "[{\"added\": {}}]"}}, {"model": "admin.logentry", "pk": 31, "fields": {"action_time": "2022-11-05T07:10:30.530Z", "user": 1, "content_type": 6, "object_id": "7", "object_repr": "Mobile Phones", "action_flag": 3, "change_message": ""}}, {"model": "admin.logentry", "pk": 32, "fields": {"action_time": "2022-11-05T07:10:52.564Z", "user": 1, "content_type": 6, "object_id": "10", "object_repr": "Mobile Phone", "action_flag": 1, "change_message": "[{\"added\": {}}]"}}, {"model": "admin.logentry", "pk": 33, "fields": {"action_time": "2022-11-05T07:41:15.613Z", "user": 1, "content_type": 8, "object_id": "15", "object_repr": "Huawei nova 10", "action_flag": 1, "change_message": "[{\"added\": {}}]"}}, {"model": "admin.logentry", "pk": 34, "fields": {"action_time": "2022-11-05T08:01:15.643Z", "user": 1, "content_type": 8, "object_id": "16", "object_repr": "Huawei MatePad 10.4\" 2022", "action_flag": 1, "change_message": "[{\"added\": {}}]"}}, {"model": "admin.logentry", "pk": 35, "fields": {"action_time": "2022-11-05T08:02:21.983Z", "user": 1, "content_type": 8, "object_id": "17", "object_repr": "iMac 24″ 2021 Apple M1 Chip w/ Numeric Key Set", "action_flag": 1, "change_message": "[{\"added\": {}}]"}}, {"model": "admin.logentry", "pk": 36, "fields": {"action_time": "2022-11-05T08:03:23.485Z", "user": 1, "content_type": 8, "object_id": "18", "object_repr": "iPhone 14 Pro Max", "action_flag": 1, "change_message": "[{\"added\": {}}]"}}, {"model": "admin.logentry", "pk": 37, "fields": {"action_time": "2022-11-05T08:04:25.319Z", "user": 1, "content_type": 8, "object_id": "19", "object_repr": "Samsung A04s", "action_flag": 1, "change_message": "[{\"added\": {}}]"}}, {"model": "admin.logentry", "pk": 38, "fields": {"action_time": "2022-11-05T08:08:18.005Z", "user": 1, "content_type": 8, "object_id": "20", "object_repr": "Apple Watch Ultra Ocean Band", "action_flag": 1, "change_message": "[{\"added\": {}}]"}}, {"model": "admin.logentry", "pk": 39, "fields": {"action_time": "2022-11-05T08:09:38.107Z", "user": 1, "content_type": 8, "object_id": "21", "object_repr": "HUAWEI Matebook D14 14\" i3", "action_flag": 1, "change_message": "[{\"added\": {}}]"}}, {"model": "admin.logentry", "pk": 40, "fields": {"action_time": "2022-11-14T14:22:41.639Z", "user": 1, "content_type": 8, "object_id": "21", "object_repr": "HUAWEI Matebook D14 14\" i3", "action_flag": 2, "change_message": "[{\"changed\": {\"fields\": [\"Stock\"]}}]"}}, {"model": "admin.logentry", "pk": 41, "fields": {"action_time": "2022-11-14T14:47:07.660Z", "user": 1, "content_type": 8, "object_id": "12", "object_repr": "Macbook Pro 13'' 2022 M2", "action_flag": 2, "change_message": "[{\"changed\": {\"fields\": [\"Description\"]}}]"}}, {"model": "admin.logentry", "pk": 42, "fields": {"action_time": "2022-11-14T15:48:53.237Z", "user": 1, "content_type": 11, "object_id": "1", "object_repr": "Variation object (1)", "action_flag": 1, "change_message": "[{\"added\": {}}]"}}, {"model": "admin.logentry", "pk": 43, "fields": {"action_time": "2022-11-14T15:49:02.951Z", "user": 1, "content_type": 11, "object_id": "1", "object_repr": "Variation object (1)", "action_flag": 2, "change_message": "[]"}}, {"model": "admin.logentry", "pk": 44, "fields": {"action_time": "2022-11-14T15:49:26.480Z", "user": 1, "content_type": 11, "object_id": "1", "object_repr": "Variation object (1)", "action_flag": 2, "change_message": "[]"}}, {"model": "admin.logentry", "pk": 45, "fields": {"action_time": "2022-11-14T15:51:37.810Z", "user": 1, "content_type": 11, "object_id": "2", "object_repr": "Variation object (2)", "action_flag": 1, "change_message": "[{\"added\": {}}]"}}, {"model": "admin.logentry", "pk": 46, "fields": {"action_time": "2022-11-15T08:03:22.854Z", "user": 1, "content_type": 11, "object_id": "2", "object_repr": "Rose Gold", "action_flag": 2, "change_message": "[]"}}, {"model": "admin.logentry", "pk": 47, "fields": {"action_time": "2022-11-15T08:15:20.822Z", "user": 1, "content_type": 11, "object_id": "3", "object_repr": "128 GB", "action_flag": 1, "change_message": "[{\"added\": {}}]"}}, {"model": "admin.logentry", "pk": 48, "fields": {"action_time": "2022-11-15T08:15:37.968Z", "user": 1, "content_type": 11, "object_id": "4", "object_repr": "256 GB", "action_flag": 1, "change_message": "[{\"added\": {}}]"}}, {"model": "admin.logentry", "pk": 49, "fields": {"action_time": "2022-11-15T08:15:52.083Z", "user": 1, "content_type": 11, "object_id": "5", "object_repr": "512 GB", "action_flag": 1, "change_message": "[{\"added\": {}}]"}}, {"model": "admin.logentry", "pk": 50, "fields": {"action_time": "2022-11-15T08:16:08.176Z", "user": 1, "content_type": 11, "object_id": "6", "object_repr": "Grey", "action_flag": 1, "change_message": "[{\"added\": {}}]"}}, {"model": "admin.logentry", "pk": 51, "fields": {"action_time": "2022-11-15T08:16:16.348Z", "user": 1, "content_type": 11, "object_id": "7", "object_repr": "Black", "action_flag": 1, "change_message": "[{\"added\": {}}]"}}, {"model": "admin.logentry", "pk": 52, "fields": {"action_time": "2022-11-15T08:16:26.859Z", "user": 1, "content_type": 11, "object_id": "8", "object_repr": "White", "action_flag": 1, "change_message": "[{\"added\": {}}]"}}, {"model": "admin.logentry", "pk": 53, "fields": {"action_time": "2022-11-15T08:21:25.550Z", "user": 1, "content_type": 10, "object_id": "6", "object_repr": "CartItem object (6)", "action_flag": 3, "change_message": ""}}, {"model": "admin.logentry", "pk": 54, "fields": {"action_time": "2022-11-15T08:21:30.313Z", "user": 1, "content_type": 10, "object_id": "14", "object_repr": "CartItem object (14)", "action_flag": 3, "change_message": ""}}, {"model": "admin.logentry", "pk": 55, "fields": {"action_time": "2022-11-15T08:21:55.753Z", "user": 1, "content_type": 10, "object_id": "15", "object_repr": "CartItem object (15)", "action_flag": 1, "change_message": "[{\"added\": {}}]"}}, {"model": "admin.logentry", "pk": 56, "fields": {"action_time": "2022-11-15T08:26:23.675Z", "user": 1, "content_type": 10, "object_id": "15", "object_repr": "CartItem object (15)", "action_flag": 3, "change_message": ""}}, {"model": "admin.logentry", "pk": 57, "fields": {"action_time": "2022-11-15T08:59:36.013Z", "user": 1, "content_type": 10, "object_id": "19", "object_repr": "CartItem object (19)", "action_flag": 3, "change_message": ""}}, {"model": "admin.logentry", "pk": 58, "fields": {"action_time": "2022-11-15T09:21:04.681Z", "user": 1, "content_type": 10, "object_id": "18", "object_repr": "CartItem object (18)", "action_flag": 3, "change_message": ""}}, {"model": "admin.logentry", "pk": 59, "fields": {"action_time": "2022-11-15T09:21:07.874Z", "user": 1, "content_type": 10, "object_id": "20", "object_repr": "CartItem object (20)", "action_flag": 3, "change_message": ""}}, {"model": "admin.logentry", "pk": 60, "fields": {"action_time": "2022-11-15T09:21:11.303Z", "user": 1, "content_type": 10, "object_id": "21", "object_repr": "CartItem object (21)", "action_flag": 3, "change_message": ""}}, {"model": "admin.logentry", "pk": 61, "fields": {"action_time": "2022-11-15T09:21:13.890Z", "user": 1, "content_type": 10, "object_id": "22", "object_repr": "CartItem object (22)", "action_flag": 3, "change_message": ""}}, {"model": "admin.logentry", "pk": 62, "fields": {"action_time": "2022-11-18T07:09:56.397Z", "user": 1, "content_type": 7, "object_id": "4", "object_repr": "ratanakvesalthong@gmail.com", "action_flag": 3, "change_message": ""}}, {"model": "admin.logentry", "pk": 63, "fields": {"action_time": "2022-11-23T15:27:02.276Z", "user": 1, "content_type": 16, "object_id": "1", "object_repr": "john", "action_flag": 1, "change_message": "[{\"added\": {}}]"}}, {"model": "admin.logentry", "pk": 64, "fields": {"action_time": "2022-11-24T14:29:23.845Z", "user": 1, "content_type": 7, "object_id": "3", "object_repr": "johndoe@gmail.com", "action_flag": 3, "change_message": ""}}, {"model": "admin.logentry", "pk": 65, "fields": {"action_time": "2022-11-24T14:32:24.192Z", "user": 1, "content_type": 7, "object_id": "2", "object_repr": "johndue@gmail.com", "action_flag": 3, "change_message": ""}}, {"model": "admin.logentry", "pk": 66, "fields": {"action_time": "2022-11-24T14:45:08.404Z", "user": 1, "content_type": 7, "object_id": "6", "object_repr": "vesalratanak@gmail.com", "action_flag": 3, "change_message": ""}}, {"model": "admin.logentry", "pk": 67, "fields": {"action_time": "2022-11-28T02:18:52.756Z", "user": 1, "content_type": 7, "object_id": "7", "object_repr": "vesalratanak@gmail.com", "action_flag": 3, "change_message": ""}}, {"model": "auth.permission", "pk": 1, "fields": {"name": "Can add log entry", "content_type": 1, "codename": "add_logentry"}}, {"model": "auth.permission", "pk": 2, "fields": {"name": "Can change log entry", "content_type": 1, "codename": "change_logentry"}}, {"model": "auth.permission", "pk": 3, "fields": {"name": "Can delete log entry", "content_type": 1, "codename": "delete_logentry"}}, {"model": "auth.permission", "pk": 4, "fields": {"name": "Can view log entry", "content_type": 1, "codename": "view_logentry"}}, {"model": "auth.permission", "pk": 5, "fields": {"name": "Can add permission", "content_type": 2, "codename": "add_permission"}}, {"model": "auth.permission", "pk": 6, "fields": {"name": "Can change permission", "content_type": 2, "codename": "change_permission"}}, {"model": "auth.permission", "pk": 7, "fields": {"name": "Can delete permission", "content_type": 2, "codename": "delete_permission"}}, {"model": "auth.permission", "pk": 8, "fields": {"name": "Can view permission", "content_type": 2, "codename": "view_permission"}}, {"model": "auth.permission", "pk": 9, "fields": {"name": "Can add group", "content_type": 3, "codename": "add_group"}}, {"model": "auth.permission", "pk": 10, "fields": {"name": "Can change group", "content_type": 3, "codename": "change_group"}}, {"model": "auth.permission", "pk": 11, "fields": {"name": "Can delete group", "content_type": 3, "codename": "delete_group"}}, {"model": "auth.permission", "pk": 12, "fields": {"name": "Can view group", "content_type": 3, "codename": "view_group"}}, {"model": "auth.permission", "pk": 13, "fields": {"name": "Can add content type", "content_type": 4, "codename": "add_contenttype"}}, {"model": "auth.permission", "pk": 14, "fields": {"name": "Can change content type", "content_type": 4, "codename": "change_contenttype"}}, {"model": "auth.permission", "pk": 15, "fields": {"name": "Can delete content type", "content_type": 4, "codename": "delete_contenttype"}}, {"model": "auth.permission", "pk": 16, "fields": {"name": "Can view content type", "content_type": 4, "codename": "view_contenttype"}}, {"model": "auth.permission", "pk": 17, "fields": {"name": "Can add session", "content_type": 5, "codename": "add_session"}}, {"model": "auth.permission", "pk": 18, "fields": {"name": "Can change session", "content_type": 5, "codename": "change_session"}}, {"model": "auth.permission", "pk": 19, "fields": {"name": "Can delete session", "content_type": 5, "codename": "delete_session"}}, {"model": "auth.permission", "pk": 20, "fields": {"name": "Can view session", "content_type": 5, "codename": "view_session"}}, {"model": "auth.permission", "pk": 21, "fields": {"name": "Can add Category", "content_type": 6, "codename": "add_category"}}, {"model": "auth.permission", "pk": 22, "fields": {"name": "Can change Category", "content_type": 6, "codename": "change_category"}}, {"model": "auth.permission", "pk": 23, "fields": {"name": "Can delete Category", "content_type": 6, "codename": "delete_category"}}, {"model": "auth.permission", "pk": 24, "fields": {"name": "Can view Category", "content_type": 6, "codename": "view_category"}}, {"model": "auth.permission", "pk": 25, "fields": {"name": "Can add account", "content_type": 7, "codename": "add_account"}}, {"model": "auth.permission", "pk": 26, "fields": {"name": "Can change account", "content_type": 7, "codename": "change_account"}}, {"model": "auth.permission", "pk": 27, "fields": {"name": "Can delete account", "content_type": 7, "codename": "delete_account"}}, {"model": "auth.permission", "pk": 28, "fields": {"name": "Can view account", "content_type": 7, "codename": "view_account"}}, {"model": "auth.permission", "pk": 29, "fields": {"name": "Can add product", "content_type": 8, "codename": "add_product"}}, {"model": "auth.permission", "pk": 30, "fields": {"name": "Can change product", "content_type": 8, "codename": "change_product"}}, {"model": "auth.permission", "pk": 31, "fields": {"name": "Can delete product", "content_type": 8, "codename": "delete_product"}}, {"model": "auth.permission", "pk": 32, "fields": {"name": "Can view product", "content_type": 8, "codename": "view_product"}}, {"model": "auth.permission", "pk": 33, "fields": {"name": "Can add cart", "content_type": 9, "codename": "add_cart"}}, {"model": "auth.permission", "pk": 34, "fields": {"name": "Can change cart", "content_type": 9, "codename": "change_cart"}}, {"model": "auth.permission", "pk": 35, "fields": {"name": "Can delete cart", "content_type": 9, "codename": "delete_cart"}}, {"model": "auth.permission", "pk": 36, "fields": {"name": "Can view cart", "content_type": 9, "codename": "view_cart"}}, {"model": "auth.permission", "pk": 37, "fields": {"name": "Can add cart item", "content_type": 10, "codename": "add_cartitem"}}, {"model": "auth.permission", "pk": 38, "fields": {"name": "Can change cart item", "content_type": 10, "codename": "change_cartitem"}}, {"model": "auth.permission", "pk": 39, "fields": {"name": "Can delete cart item", "content_type": 10, "codename": "delete_cartitem"}}, {"model": "auth.permission", "pk": 40, "fields": {"name": "Can view cart item", "content_type": 10, "codename": "view_cartitem"}}, {"model": "auth.permission", "pk": 41, "fields": {"name": "Can add variation", "content_type": 11, "codename": "add_variation"}}, {"model": "auth.permission", "pk": 42, "fields": {"name": "Can change variation", "content_type": 11, "codename": "change_variation"}}, {"model": "auth.permission", "pk": 43, "fields": {"name": "Can delete variation", "content_type": 11, "codename": "delete_variation"}}, {"model": "auth.permission", "pk": 44, "fields": {"name": "Can view variation", "content_type": 11, "codename": "view_variation"}}, {"model": "auth.permission", "pk": 45, "fields": {"name": "Can add order product", "content_type": 12, "codename": "add_orderproduct"}}, {"model": "auth.permission", "pk": 46, "fields": {"name": "Can change order product", "content_type": 12, "codename": "change_orderproduct"}}, {"model": "auth.permission", "pk": 47, "fields": {"name": "Can delete order product", "content_type": 12, "codename": "delete_orderproduct"}}, {"model": "auth.permission", "pk": 48, "fields": {"name": "Can view order product", "content_type": 12, "codename": "view_orderproduct"}}, {"model": "auth.permission", "pk": 49, "fields": {"name": "Can add payment", "content_type": 13, "codename": "add_payment"}}, {"model": "auth.permission", "pk": 50, "fields": {"name": "Can change payment", "content_type": 13, "codename": "change_payment"}}, {"model": "auth.permission", "pk": 51, "fields": {"name": "Can delete payment", "content_type": 13, "codename": "delete_payment"}}, {"model": "auth.permission", "pk": 52, "fields": {"name": "Can view payment", "content_type": 13, "codename": "view_payment"}}, {"model": "auth.permission", "pk": 53, "fields": {"name": "Can add order", "content_type": 14, "codename": "add_order"}}, {"model": "auth.permission", "pk": 54, "fields": {"name": "Can change order", "content_type": 14, "codename": "change_order"}}, {"model": "auth.permission", "pk": 55, "fields": {"name": "Can delete order", "content_type": 14, "codename": "delete_order"}}, {"model": "auth.permission", "pk": 56, "fields": {"name": "Can view order", "content_type": 14, "codename": "view_order"}}, {"model": "auth.permission", "pk": 57, "fields": {"name": "Can add review rating", "content_type": 15, "codename": "add_reviewrating"}}, {"model": "auth.permission", "pk": 58, "fields": {"name": "Can change review rating", "content_type": 15, "codename": "change_reviewrating"}}, {"model": "auth.permission", "pk": 59, "fields": {"name": "Can delete review rating", "content_type": 15, "codename": "delete_reviewrating"}}, {"model": "auth.permission", "pk": 60, "fields": {"name": "Can view review rating", "content_type": 15, "codename": "view_reviewrating"}}, {"model": "auth.permission", "pk": 61, "fields": {"name": "Can add user profile", "content_type": 16, "codename": "add_userprofile"}}, {"model": "auth.permission", "pk": 62, "fields": {"name": "Can change user profile", "content_type": 16, "codename": "change_userprofile"}}, {"model": "auth.permission", "pk": 63, "fields": {"name": "Can delete user profile", "content_type": 16, "codename": "delete_userprofile"}}, {"model": "auth.permission", "pk": 64, "fields": {"name": "Can view user profile", "content_type": 16, "codename": "view_userprofile"}}, {"model": "auth.permission", "pk": 65, "fields": {"name": "Can add product gallery", "content_type": 17, "codename": "add_productgallery"}}, {"model": "auth.permission", "pk": 66, "fields": {"name": "Can change product gallery", "content_type": 17, "codename": "change_productgallery"}}, {"model": "auth.permission", "pk": 67, "fields": {"name": "Can delete product gallery", "content_type": 17, "codename": "delete_productgallery"}}, {"model": "auth.permission", "pk": 68, "fields": {"name": "Can view product gallery", "content_type": 17, "codename": "view_productgallery"}}, {"model": "contenttypes.contenttype", "pk": 1, "fields": {"app_label": "admin", "model": "logentry"}}, {"model": "contenttypes.contenttype", "pk": 2, "fields": {"app_label": "auth", "model": "permission"}}, {"model": "contenttypes.contenttype", "pk": 3, "fields": {"app_label": "auth", "model": "group"}}, {"model": "contenttypes.contenttype", "pk": 4, "fields": {"app_label": "contenttypes", "model": "contenttype"}}, {"model": "contenttypes.contenttype", "pk": 5, "fields": {"app_label": "sessions", "model": "session"}}, {"model": "contenttypes.contenttype", "pk": 6, "fields": {"app_label": "category", "model": "category"}}, {"model": "contenttypes.contenttype", "pk": 7, "fields": {"app_label": "accounts", "model": "account"}}, {"model": "contenttypes.contenttype", "pk": 8, "fields": {"app_label": "store", "model": "product"}}, {"model": "contenttypes.contenttype", "pk": 9, "fields": {"app_label": "carts", "model": "cart"}}, {"model": "contenttypes.contenttype", "pk": 10, "fields": {"app_label": "carts", "model": "cartitem"}}, {"model": "contenttypes.contenttype", "pk": 11, "fields": {"app_label": "store", "model": "variation"}}, {"model": "contenttypes.contenttype", "pk": 12, "fields": {"app_label": "orders", "model": "orderproduct"}}, {"model": "contenttypes.contenttype", "pk": 13, "fields": {"app_label": "orders", "model": "payment"}}, {"model": "contenttypes.contenttype", "pk": 14, "fields": {"app_label": "orders", "model": "order"}}, {"model": "contenttypes.contenttype", "pk": 15, "fields": {"app_label": "store", "model": "reviewrating"}}, {"model": "contenttypes.contenttype", "pk": 16, "fields": {"app_label": "accounts", "model": "userprofile"}}, {"model": "contenttypes.contenttype", "pk": 17, "fields": {"app_label": "store", "model": "productgallery"}}, {"model": "sessions.session", "pk": "1slbx9o31h5er8552cd6j68nnkipnb7w", "fields": {"session_data": "e30:1p2QsO:k7uPdNws6hfBRa1kQ8CCNmRx4fzB56L3n407UHjmo6E", "expire_date": "2022-12-20T05:52:20.073Z"}}, {"model": "sessions.session", "pk": "28pj6742e2sto1ypshlhsm0i475zfrg3", "fields": {"session_data": ".eJxVjMsOwiAQRf-FtSFDqcC4dO83EGCmFh9gCq6M_65Nuun2nnPuR_jGreVafC65-56f3Hp4vrw4KWNhBI3WSDOAwYPw4d1n_268-EziJJTYbTGkO5cV0C2Ua5Wplr7kKFdFbrTJSyV-nDd3dzCHNv9rcGRJj3CMTGpAAHYUkFXUAA7ioJ0CZwacEh2DwYAJndMToE2WGJP4_gCMY0Vw:1p2qNc:gAq0hubpZaKM7NyOHYOAMiqsl2tELfBCXWdkyFVbmuU", "expire_date": "2022-12-21T09:06:16.765Z"}}, {"model": "sessions.session", "pk": "4i4od563hkpkwyof393ul8q9w4an6hpi", "fields": {"session_data": "eyJfc2Vzc2lvbl9pbml0X3RpbWVzdGFtcF8iOjE2Njk2MTcyNDYuMjQ4MjU3NH0:1ozXiQ:HtLNLc1rz--hhA2odYnw-B87YkUFMIoIYLoG52l1XF0", "expire_date": "2022-12-12T06:34:06.273Z"}}, {"model": "sessions.session", "pk": "60it6kx42puo97rm3ks2g3mzmeefvkx7", "fields": {"session_data": ".eJxVjDkOwyAQAP9CHaHlNi7T5w1ouWJyQGRwFeXvkSU3bmdG8yWup95Lq67UMtwo79QHvj-OzExrawQXglMmuDbWXIjDbSxu62l1JZKZTOTEPIZnqruID6z3RkOrYy2e7gk9bKe3FtPrerSnwYJ92bcWwDDImSkmufQmIlMTRM9Dlha8zAhCoIJJYQw-ep1NAp6l8DqBMeT3B_R4Rhk:1p01ee:jjOGujyuXyJROoWOfss0lTmQW1-IEfhwCl0l3k2oDlA", "expire_date": "2022-12-13T14:32:12.244Z"}}, {"model": "sessions.session", "pk": "brlbaxf2cp9np7v2qjr85ldxnsm7drnx", "fields": {"session_data": "e30:1oyDkC:h1gSK-rEIR72rVIB2l4MHYHowl92Q6kyRT9tISfbDgA", "expire_date": "2022-12-08T15:02:28.623Z"}}, {"model": "sessions.session", "pk": "n8kfqfjw5etn2yqvzyl9v1a7zx0865ty", "fields": {"session_data": "e30:1ouStj:KChI-DmH6eD3c4K0f1ZH7s7DkYJMAm23SVPCGz1akns", "expire_date": "2022-11-28T06:24:47.984Z"}}, {"model": "sessions.session", "pk": "o4ept7p9fmvye3w92ol4x5dekfpblzcl", "fields": {"session_data": "eyJfc2Vzc2lvbl9pbml0X3RpbWVzdGFtcF8iOjE2Njk2MTcyNDYuMjc2ODg2N30:1ozXiQ:CqHU9F5GtC7LeZHptLs-zxIuZ5GbYGJHwvt6FbCIxPU", "expire_date": "2022-12-12T06:34:06.319Z"}}, {"model": "sessions.session", "pk": "obsnvxh4zmrfp9p30yod2el58yzffvip", "fields": {"session_data": ".eJxVjMsOwiAQRf-FtSE8OjxcuvcbyACDVA0kpV0Z_12bdKHbe865LxZwW2vYBi1hzuzMJDv9bhHTg9oO8h3brfPU27rMke8KP-jg157peTncv4OKo35rp4wgZSM4jeDAJqmE1yimkqUCWUgboSAVr3MxFsA7T1kUjMaT9nZi7w-1lzb5:1oqBcT:WASmboMF1g_HY-37T04YRZIkrUEzaet7n9j3m6BguDM", "expire_date": "2022-11-16T11:09:17.568Z"}}, {"model": "sessions.session", "pk": "oeg7lopv8i72f7u81kbunqb5fvffvtxx", "fields": {"session_data": "eyJfc2Vzc2lvbl9pbml0X3RpbWVzdGFtcF8iOjE2Njk2MTcyNDYuMjY3NDU0Nn0:1ozXiQ:1rRGcOHDYejEzNyGwHtjuN_AfTKpO3mSiHsaI1RfIUs", "expire_date": "2022-12-12T06:34:06.342Z"}}, {"model": "category.category", "pk": 6, "fields": {"category_name": "Laptops", "slug": "laptops", "description": "This is a laptops demo", "cat_image": "photos/categories/Laptops_j6WI07p.jpg"}}, {"model": "category.category", "pk": 8, "fields": {"category_name": "Smart Watch", "slug": "smart-watch", "description": "This is a Smart Watch demo", "cat_image": "photos/categories/SmartWatches_y2LbsAm.jpg"}}, {"model": "category.category", "pk": 9, "fields": {"category_name": "Tablets", "slug": "tablets", "description": "This is a tablets demo", "cat_image": "photos/categories/Tablets_j1cAaRE.png"}}, {"model": "category.category", "pk": 10, "fields": {"category_name": "Mobile Phone", "slug": "mobile-phone", "description": "This is a mobile phone demo", "cat_image": "photos/categories/MobilePhones_qjnMRkD.jpg"}}, {"model": "accounts.account", "pk": 1, "fields": {"password": "pbkdf2_sha256$320000$ZP6kpbpN3YRTLqkpr5Us8U$8D423967obBweuM35+UGLsy2dVOXZK1wXUB8EBZcsYM=", "first_name": "Pichsophea ", "last_name": "Long ", "username": "djangoadmin ", "email": "2020050long@aupp.edu.kh", "phone_number": "", "date_joined": "2022-11-02T11:08:34.153Z", "last_login": "2022-12-07T09:05:45.929Z", "is_admin": true, "is_staff": true, "is_active": true, "is_superadmin": true}}, {"model": "accounts.account", "pk": 5, "fields": {"password": "pbkdf2_sha256$216000$mQubSsokWMsS$MIBDXbLnSx/x14WDh145ZrGOMLoWXVRLlQqV/Plftvs=", "first_name": "fenrir", "last_name": "wolf", "username": "ratanakvesalthong", "email": "ratanakvesalthong@gmail.com", "phone_number": "061993311", "date_joined": "2022-11-18T07:12:05.813Z", "last_login": "2022-11-18T07:12:05.813Z", "is_admin": false, "is_staff": false, "is_active": false, "is_superadmin": false}}, {"model": "accounts.account", "pk": 8, "fields": {"password": "pbkdf2_sha256$320000$QV6VfWMdIV2hZQXdl6JPtl$0APSJ+SDRdHTAZXFCqkIdb/ujaaa7K2gpl6aA3VxOXI=", "first_name": "Vesal", "last_name": "Thong", "username": "vesalratanak", "email": "vesalratanak@gmail.com", "phone_number": "061993311", "date_joined": "2022-11-28T02:20:26.889Z", "last_login": "2022-11-29T14:29:22.461Z", "is_admin": false, "is_staff": false, "is_active": true, "is_superadmin": false}}, {"model": "accounts.userprofile", "pk": 4, "fields": {"user": 8, "address_line_1": "", "address_line_2": "", "profile_picture": "default/default-user.png", "city": "", "state": "", "country": ""}}, {"model": "store.product", "pk": 9, "fields": {"product_name": "IPad Air 5 Wi-fi 2022", "slug": "ipad-air-5-wi-fi-2022", "description": "Lorem ipsum dolor sit amet, consectetur adipiscing elit, sed do eiusmod tempor incididunt ut labore et dolore magna aliqua.", "price": 759, "images": "photos/products/Ipad-Air-5_tR5DE10.png", "stock": 100, "is_available": true, "category": 9, "created_date": "2022-11-05T06:55:27.907Z", "modified_date": "2022-11-05T06:55:27.907Z"}}, {"model": "store.product", "pk": 11, "fields": {"product_name": "Galaxy Tab S8 Ultra", "slug": "galaxy-tab-s8-ultra", "description": "Lorem ipsum dolor sit amet, consectetur adipiscing elit, sed do eiusmod tempor incididunt ut labore et dolore magna aliqua.", "price": 1219, "images": "photos/products/Galaxy-Tab-S8-ultra_FFOzXay.png", "stock": 100, "is_available": true, "category": 9, "created_date": "2022-11-05T06:57:24.449Z", "modified_date": "2022-11-05T06:57:24.449Z"}}, {"model": "store.product", "pk": 12, "fields": {"product_name": "Macbook Pro 13'' 2022 M2", "slug": "macbook-pro-13-2022-m2", "description": "Lorem ipsum dolor sit amet, consectetur adipiscing elit, sed do eiusmod tempor incididunt ut labore et dolore magna aliqua. Testing", "price": 1439, "images": "photos/products/Macbook-Pro-13.png", "stock": 49, "is_available": true, "category": 6, "created_date": "2022-11-05T06:58:45.610Z", "modified_date": "2022-11-28T08:08:12.996Z"}}, {"model": "store.product", "pk": 13, "fields": {"product_name": "Huawei Watch Fit (New)", "slug": "huawei-watch-fit-new", "description": "Lorem ipsum dolor sit amet, consectetur adipiscing elit, sed do eiusmod tempor incididunt ut labore et dolore magna aliqua.", "price": 99, "images": "photos/products/Huawei-Watch-Fit_lTLkll7.png", "stock": 100, "is_available": true, "category": 8, "created_date": "2022-11-05T07:00:07.848Z", "modified_date": "2022-11-05T07:00:07.848Z"}}, {"model": "store.product", "pk": 14, "fields": {"product_name": "Xiaomi Smart Band 7", "slug": "xiaomi-smart-band-7", "description": "Lorem ipsum dolor sit amet, consectetur adipiscing elit, sed do eiusmod tempor incididunt ut labore et dolore magna aliqua.", "price": 49, "images": "photos/products/Xiaomi-Smart-Band_WlvwgLy.png", "stock": 50, "is_available": true, "category": 8, "created_date": "2022-11-05T07:00:56.082Z", "modified_date": "2022-11-05T07:00:56.082Z"}}, {"model": "store.product", "pk": 15, "fields": {"product_name": "Huawei nova 10", "slug": "huawei-nova-10", "description": "Lorem ipsum dolor sit amet, consectetur adipiscing elit, sed do eiusmod tempor incididunt ut labore et dolore magna aliqua.", "price": 499, "images": "photos/products/Huawei-nova-10_uzt02yX.png", "stock": 100, "is_available": true, "category": 10, "created_date": "2022-11-05T07:41:15.611Z", "modified_date": "2022-11-05T07:41:15.611Z"}}, {"model": "store.product", "pk": 16, "fields": {"product_name": "Huawei MatePad 10.4\" 2022", "slug": "huawei-matepad-104-2022", "description": "Lorem ipsum dolor sit amet, consectetur adipiscing elit, sed do eiusmod tempor incididunt ut labore et dolore magna aliqua.", "price": 369, "images": "photos/products/Huawei-Matepad-10.4.png", "stock": 100, "is_available": true, "category": 9, "created_date": "2022-11-05T08:01:15.638Z", "modified_date": "2022-11-05T08:01:15.638Z"}}, {"model": "store.product", "pk": 17, "fields": {"product_name": "iMac 24″ 2021 Apple M1 Chip w/ Numeric Key Set", "slug": "imac-24-2021-apple-m1-chip-w-numeric-key-set", "description": "Lorem ipsum dolor sit amet, consectetur adipiscing elit, sed do eiusmod tempor incididunt ut labore et dolore magna aliqua.", "price": 2299, "images": "photos/products/iMac-24-2021.png", "stock": 10, "is_available": true, "category": 6, "created_date": "2022-11-05T08:02:21.981Z", "modified_date": "2022-11-05T08:02:21.981Z"}}, {"model": "store.product", "pk": 18, "fields": {"product_name": "iPhone 14 Pro Max", "slug": "iphone-14-pro-max", "description": "Lorem ipsum dolor sit amet, consectetur adipiscing elit, sed do eiusmod tempor incididunt ut labore et dolore magna aliqua.", "price": 1409, "images": "photos/products/Iphone-14-Pro-Max_Hx1NHKm.jpg", "stock": 10, "is_available": true, "category": 10, "created_date": "2022-11-05T08:03:23.483Z", "modified_date": "2022-11-05T08:03:23.483Z"}}, {"model": "store.product", "pk": 19, "fields": {"product_name": "Samsung A04s", "slug": "samsung-a04s", "description": "Lorem ipsum dolor sit amet, consectetur adipiscing elit, sed do eiusmod tempor incididunt ut labore et dolore magna aliqua.", "price": 169, "images": "photos/products/Samsung_A04s.jpg", "stock": 5, "is_available": true, "category": 10, "created_date": "2022-11-05T08:04:25.317Z", "modified_date": "2022-11-05T08:04:25.317Z"}}, {"model": "store.product", "pk": 20, "fields": {"product_name": "Apple Watch Ultra Ocean Band", "slug": "apple-watch-ultra-ocean-band", "description": "Lorem ipsum dolor sit amet, consectetur adipiscing elit, sed do eiusmod tempor incididunt ut labore et dolore magna aliqua.", "price": 889, "images": "photos/products/Apple-Watch-Ultra-Ocean-Band_ltHOWdV.jpg", "stock": 10, "is_available": true, "category": 8, "created_date": "2022-11-05T08:08:18.002Z", "modified_date": "2022-11-05T08:08:18.002Z"}}, {"model": "store.product", "pk": 21, "fields": {"product_name": "HUAWEI Matebook D14 14\" i3", "slug": "huawei-matebook-d14-14-i3", "description": "Lorem ipsum dolor sit amet, consectetur adipiscing elit, sed do eiusmod tempor incididunt ut labore et dolore magna aliqua.", "price": 599, "images": "photos/products/Huawei-Matebook-D14_iN1sF0r.png", "stock": 0, "is_available": true, "category": 6, "created_date": "2022-11-05T08:09:38.104Z", "modified_date": "2022-11-14T14:22:41.629Z"}}, {"model": "store.variation", "pk": 1, "fields": {"product": 12, "variation_category": "size", "variation_value": "1 TB", "is_active": true, "created_date": "2022-11-14T15:49:26.476Z"}}, {"model": "store.variation", "pk": 2, "fields": {"product": 12, "variation_category": "color", "variation_value": "Rose Gold", "is_active": true, "created_date": "2022-11-15T08:03:22.849Z"}}, {"model": "store.variation", "pk": 3, "fields": {"product": 12, "variation_category": "size", "variation_value": "128 GB", "is_active": true, "created_date": "2022-11-15T08:15:20.822Z"}}, {"model": "store.variation", "pk": 4, "fields": {"product": 12, "variation_category": "size", "variation_value": "256 GB", "is_active": true, "created_date": "2022-11-15T08:15:37.965Z"}}, {"model": "store.variation", "pk": 5, "fields": {"product": 12, "variation_category": "size", "variation_value": "512 GB", "is_active": true, "created_date": "2022-11-15T08:15:52.080Z"}}, {"model": "store.variation", "pk": 6, "fields": {"product": 12, "variation_category": "color", "variation_value": "Grey", "is_active": true, "created_date": "2022-11-15T08:16:08.174Z"}}, {"model": "store.variation", "pk": 7, "fields": {"product": 12, "variation_category": "color", "variation_value": "Black", "is_active": true, "created_date": "2022-11-15T08:16:16.345Z"}}, {"model": "store.variation", "pk": 8, "fields": {"product": 12, "variation_category": "color", "variation_value": "White", "is_active": true, "created_date": "2022-11-15T08:16:26.855Z"}}, {"model": "carts.cart", "pk": 1, "fields": {"cart_id": "obsnvxh4zmrfp9p30yod2el58yzffvip", "date_added": "2022-11-07"}}, {"model": "carts.cart", "pk": 2, "fields": {"cart_id": "n8kfqfjw5etn2yqvzyl9v1a7zx0865ty", "date_added": "2022-11-14"}}, {"model": "carts.cart", "pk": 3, "fields": {"cart_id": "460zxvv49st3gf2cr821eoa2n2ggd9bw", "date_added": "2022-11-14"}}, {"model": "carts.cart", "pk": 4, "fields": {"cart_id": "qphhmuktv67nfgwuf772w7i7bkw1nykt", "date_added": "2022-11-14"}}, {"model": "carts.cart", "pk": 5, "fields": {"cart_id": "40wl2531swc08mff7cycwl9lohs7o617", "date_added": "2022-11-14"}}, {"model": "carts.cartitem", "pk": 27, "fields": {"user": null, "product": 12, "cart": 5, "quantity": 1, "is_active": true, "variations": [4, 6]}}, {"model": "carts.cartitem", "pk": 31, "fields": {"user": null, "product": 12, "cart": 5, "quantity": 2, "is_active": true, "variations": [2, 3]}}, {"model": "carts.cartitem", "pk": 32, "fields": {"user": 1, "product": 12, "cart": null, "quantity": 1, "is_active": true, "variations": [1, 7]}}, {"model": "carts.cartitem", "pk": 33, "fields": {"user": 1, "product": 12, "cart": null, "quantity": 1, "is_active": true, "variations": [1, 6]}}, {"model": "carts.cartitem", "pk": 36, "fields": {"user": 8, "product": 12, "cart": null, "quantity": 1, "is_active": true, "variations": [2, 3]}}, {"model": "carts.cartitem", "pk": 37, "fields": {"user": 8, "product": 12, "cart": null, "quantity": 1, "is_active": true, "variations": [1, 2]}}, {"model": "orders.payment", "pk": 1, "fields": {"user": 1, "payment_id": "97M498441G814742A", "payment_method": "PayPal", "amount_paid": "2935.56", "status": "COMPLETED", "created_at": "2022-11-23T06:54:01.362Z"}}, {"model": "orders.payment", "pk": 2, "fields": {"user": 1, "payment_id": "9WG04734ES392144G", "payment_method": "PayPal", "amount_paid": "2935.56", "status": "COMPLETED", "created_at": "2022-11-28T06:06:11.907Z"}}, {"model": "orders.payment", "pk": 3, "fields": {"user": 8, "payment_id": "22748611YA513205T", "payment_method": "PayPal", "amount_paid": "1467.78", "status": "COMPLETED", "created_at": "2022-11-28T06:41:49.862Z"}}, {"model": "orders.payment", "pk": 4, "fields": {"user": 8, "payment_id": "8TM61633MG411171J", "payment_method": "PayPal", "amount_paid": "1467.78", "status": "COMPLETED", "created_at": "2022-11-28T08:08:12.930Z"}}, {"model": "orders.order", "pk": 1, "fields": {"user": 1, "payment": null, "order_number": "202211201", "first_name": "Vesal", "last_name": "Thong", "phone": "061993311", "email": "ratanakvesalthong@gmail.com", "address_line_1": "fairyland", "address_line_2": "fareland", "country": "United States", "state": "lol idk", "city": "Phnom Penh", "order_note": "testing #1", "order_total": 1467.78, "tax": 28.78, "status": "New", "ip": "127.0.0.1", "is_ordered": false, "created_at": "2022-11-20T15:29:02.053Z", "updated_at": "2022-11-20T15:29:02.071Z"}}, {"model": "orders.order", "pk": 2, "fields": {"user": 1, "payment": null, "order_number": "202211222", "first_name": "Vesal", "last_name": "Thong", "phone": "061993311", "email": "vesalratanak@gmail.com", "address_line_1": "homeland", "address_line_2": "", "country": "United States", "state": "califlower", "city": "Phnom Penh", "order_note": "testing", "order_total": 2935.56, "tax": 57.56, "status": "New", "ip": "127.0.0.1", "is_ordered": false, "created_at": "2022-11-22T03:22:18.249Z", "updated_at": "2022-11-22T03:22:18.262Z"}}, {"model": "orders.order", "pk": 3, "fields": {"user": 1, "payment": null, "order_number": "202211233", "first_name": "Vesal", "last_name": "Thong", "phone": "061993311", "email": "vesalratanak@gmail.com", "address_line_1": "idk", "address_line_2": "", "country": "United States", "state": "califlower", "city": "Phnom Penh", "order_note": "", "order_total": 2935.56, "tax": 57.56, "status": "New", "ip": "127.0.0.1", "is_ordered": false, "created_at": "2022-11-23T06:24:14.601Z", "updated_at": "2022-11-23T06:24:14.611Z"}}, {"model": "orders.order", "pk": 4, "fields": {"user": 1, "payment": null, "order_number": "202211234", "first_name": "Vesal", "last_name": "Thong", "phone": "061993311", "email": "vesalratanak@gmail.com", "address_line_1": "idk", "address_line_2": "", "country": "United States", "state": "califlower", "city": "Phnom Penh", "order_note": "", "order_total": 2935.56, "tax": 57.56, "status": "New", "ip": "127.0.0.1", "is_ordered": false, "created_at": "2022-11-23T06:25:22.847Z", "updated_at": "2022-11-23T06:25:22.853Z"}}, {"model": "orders.order", "pk": 5, "fields": {"user": 1, "payment": 1, "order_number": "202211235", "first_name": "Vesal", "last_name": "Thong", "phone": "061993311", "email": "vesalratanak@gmail.com", "address_line_1": "florida", "address_line_2": "", "country": "United States", "state": "florida", "city": "Phnom Penh", "order_note": "testing note", "order_total": 2935.56, "tax": 57.56, "status": "New", "ip": "127.0.0.1", "is_ordered": true, "created_at": "2022-11-23T06:37:28.483Z", "updated_at": "2022-11-23T06:54:01.373Z"}}, {"model": "orders.order", "pk": 6, "fields": {"user": 1, "payment": null, "order_number": "202211236", "first_name": "Vesal", "last_name": "Thong", "phone": "061993311", "email": "vesalratanak@gmail.com", "address_line_1": "florida", "address_line_2": "", "country": "United States", "state": "florida", "city": "Phnom Penh", "order_note": "testing note", "order_total": 2935.56, "tax": 57.56, "status": "New", "ip": "127.0.0.1", "is_ordered": false, "created_at": "2022-11-23T06:54:32.049Z", "updated_at": "2022-11-23T06:54:32.056Z"}}, {"model": "orders.order", "pk": 7, "fields": {"user": 1, "payment": null, "order_number": "202211237", "first_name": "Vesal", "last_name": "Thong", "phone": "061993311", "email": "vesalratanak@gmail.com", "address_line_1": "florida", "address_line_2": "", "country": "United States", "state": "florida", "city": "Phnom Penh", "order_note": "testing note", "order_total": 2935.56, "tax": 57.56, "status": "New", "ip": "127.0.0.1", "is_ordered": false, "created_at": "2022-11-23T14:17:54.313Z", "updated_at": "2022-11-23T14:17:54.326Z"}}, {"model": "orders.order", "pk": 8, "fields": {"user": 1, "payment": null, "order_number": "202211238", "first_name": "Vesal", "last_name": "Thong", "phone": "061993311", "email": "vesalratanak@gmail.com", "address_line_1": "florida", "address_line_2": "", "country": "United States", "state": "florida", "city": "Phnom Penh", "order_note": "testing note", "order_total": 2935.56, "tax": 57.56, "status": "New", "ip": "127.0.0.1", "is_ordered": false, "created_at": "2022-11-23T14:46:45.075Z", "updated_at": "2022-11-23T14:46:45.085Z"}}, {"model": "orders.order", "pk": 9, "fields": {"user": null, "payment": null, "order_number": "202211249", "first_name": "Vesal", "last_name": "Thong", "phone": "111222333", "email": "vesalratanak@gmail.com", "address_line_1": "califlower", "address_line_2": "", "country": "United States", "state": "california", "city": "Phnom Penh", "order_note": "testing note number idl", "order_total": 1467.78, "tax": 28.78, "status": "New", "ip": "127.0.0.1", "is_ordered": false, "created_at": "2022-11-24T15:46:12.702Z", "updated_at": "2022-11-24T15:46:12.719Z"}}, {"model": "orders.order", "pk": 10, "fields": {"user": 1, "payment": null, "order_number": "2022112810", "first_name": "Vesal", "last_name": "Thong", "phone": "061993311", "email": "vesalratanak@gmail.com", "address_line_1": "idk", "address_line_2": "", "country": "United States", "state": "btb", "city": "Phnom Penh", "order_note": "test order", "order_total": 2935.56, "tax": 57.56, "status": "New", "ip": "127.0.0.1", "is_ordered": false, "created_at": "2022-11-28T06:01:23.766Z", "updated_at": "2022-11-28T06:01:23.777Z"}}, {"model": "orders.order", "pk": 11, "fields": {"user": 1, "payment": null, "order_number": "2022112811", "first_name": "Vesal", "last_name": "Thong", "phone": "061993311", "email": "vesalratanak@gmail.com", "address_line_1": "idk", "address_line_2": "", "country": "United States", "state": "btb", "city": "Phnom Penh", "order_note": "test order", "order_total": 2935.56, "tax": 57.56, "status": "New", "ip": "127.0.0.1", "is_ordered": false, "created_at": "2022-11-28T06:04:14.448Z", "updated_at": "2022-11-28T06:04:14.460Z"}}, {"model": "orders.order", "pk": 12, "fields": {"user": 1, "payment": null, "order_number": "2022112812", "first_name": "Vesal", "last_name": "Thong", "phone": "061993311", "email": "vesalratanak@gmail.com", "address_line_1": "idk", "address_line_2": "", "country": "United States", "state": "btb", "city": "Phnom Penh", "order_note": "test order", "order_total": 2935.56, "tax": 57.56, "status": "New", "ip": "127.0.0.1", "is_ordered": false, "created_at": "2022-11-28T06:05:07.450Z", "updated_at": "2022-11-28T06:05:07.460Z"}}, {"model": "orders.order", "pk": 13, "fields": {"user": 1, "payment": 2, "order_number": "2022112813", "first_name": "Vesal", "last_name": "Thong", "phone": "061993311", "email": "vesalratanak@gmail.com", "address_line_1": "idk", "address_line_2": "", "country": "United States", "state": "btb", "city": "Phnom Penh", "order_note": "test order", "order_total": 2935.56, "tax": 57.56, "status": "New", "ip": "127.0.0.1", "is_ordered": true, "created_at": "2022-11-28T06:05:30.990Z", "updated_at": "2022-11-28T06:06:11.915Z"}}, {"model": "orders.order", "pk": 14, "fields": {"user": 1, "payment": null, "order_number": "2022112814", "first_name": "Vesal", "last_name": "Thong", "phone": "061993311", "email": "vesalratanak@gmail.com", "address_line_1": "idk", "address_line_2": "", "country": "United States", "state": "btb", "city": "Phnom Penh", "order_note": "test order", "order_total": 2935.56, "tax": 57.56, "status": "New", "ip": "127.0.0.1", "is_ordered": false, "created_at": "2022-11-28T06:06:18.264Z", "updated_at": "2022-11-28T06:06:18.274Z"}}, {"model": "orders.order", "pk": 15, "fields": {"user": 8, "payment": 3, "order_number": "2022112815", "first_name": "Vesal", "last_name": "Thong", "phone": "061993311", "email": "vesalratanak@gmail.com", "address_line_1": "line1", "address_line_2": "", "country": "United States", "state": "fest", "city": "Phnom Penh", "order_note": "testing", "order_total": 1467.78, "tax": 28.78, "status": "New", "ip": "127.0.0.1", "is_ordered": true, "created_at": "2022-11-28T06:39:09.931Z", "updated_at": "2022-11-28T06:41:49.882Z"}}, {"model": "orders.order", "pk": 16, "fields": {"user": 8, "payment": 4, "order_number": "2022112816", "first_name": "Vesal", "last_name": "Thong", "phone": "061993311", "email": "vesalratanak@gmail.com", "address_line_1": "line1", "address_line_2": "", "country": "United States", "state": "cali", "city": "Phnom Penh", "order_note": "test order", "order_total": 1467.78, "tax": 28.78, "status": "New", "ip": "127.0.0.1", "is_ordered": true, "created_at": "2022-11-28T08:07:49.428Z", "updated_at": "2022-11-28T08:08:12.945Z"}}, {"model": "orders.order", "pk": 17, "fields": {"user": 8, "payment": null, "order_number": "2022112817", "first_name": "Vesal", "last_name": "Thong", "phone": "061993311", "email": "vesalratanak@gmail.com", "address_line_1": "line3", "address_line_2": "", "country": "United States", "state": "testng", "city": "Phnom Penh", "order_note": "tsting", "order_total": 1467.78, "tax": 28.78, "status": "New", "ip": "127.0.0.1", "is_ordered": false, "created_at": "2022-11-28T08:21:32.729Z", "updated_at": "2022-11-28T08:21:32.745Z"}}, {"model": "orders.order", "pk": 18, "fields": {"user": 8, "payment": null, "order_number": "2022112818", "first_name": "Vesal", "last_name": "Thong", "phone": "061993311", "email": "vesalratanak@gmail.com", "address_line_1": "line3", "address_line_2": "", "country": "United States", "state": "testng", "city": "Phnom Penh", "order_note": "tsting", "order_total": 1467.78, "tax": 28.78, "status": "New", "ip": "127.0.0.1", "is_ordered": false, "created_at": "2022-11-28T08:25:25.577Z", "updated_at": "2022-11-28T08:25:25.585Z"}}, {"model": "orders.order", "pk": 19, "fields": {"user": 8, "payment": null, "order_number": "2022112819", "first_name": "Vesal", "last_name": "Thong", "phone": "061993311", "email": "vesalratanak@gmail.com", "address_line_1": "line3", "address_line_2": "", "country": "United States", "state": "testng", "city": "Phnom Penh", "order_note": "tsting", "order_total": 1467.78, "tax": 28.78, "status": "New", "ip": "127.0.0.1", "is_ordered": false, "created_at": "2022-11-28T08:26:48.626Z", "updated_at": "2022-11-28T08:26:48.644Z"}}, {"model": "orders.order", "pk": 20, "fields": {"user": 8, "payment": null, "order_number": "2022112820", "first_name": "Vesal", "last_name": "Thong", "phone": "061993311", "email": "vesalratanak@gmail.com", "address_line_1": "line3", "address_line_2": "", "country": "United States", "state": "testng", "city": "Phnom Penh", "order_note": "tsting", "order_total": 1467.78, "tax": 28.78, "status": "New", "ip": "127.0.0.1", "is_ordered": false, "created_at": "2022-11-28T08:28:39.386Z", "updated_at": "2022-11-28T08:28:39.394Z"}}, {"model": "orders.order", "pk": 21, "fields": {"user": 8, "payment": null, "order_number": "2022112821", "first_name": "Vesal", "last_name": "Thong", "phone": "061993311", "email": "vesalratanak@gmail.com", "address_line_1": "line", "address_line_2": "", "country": "United States", "state": "btb", "city": "Phnom Penh", "order_note": "", "order_total": 1467.78, "tax": 28.78, "status": "New", "ip": "127.0.0.1", "is_ordered": false, "created_at": "2022-11-28T08:29:44.766Z", "updated_at": "2022-11-28T08:29:44.775Z"}}, {"model": "orders.order", "pk": 22, "fields": {"user": 8, "payment": null, "order_number": "2022112822", "first_name": "Vesal", "last_name": "Thong", "phone": "061993311", "email": "vesalratanak@gmail.com", "address_line_1": "line", "address_line_2": "", "country": "United States", "state": "btb", "city": "Phnom Penh", "order_note": "", "order_total": 1467.78, "tax": 28.78, "status": "New", "ip": "127.0.0.1", "is_ordered": false, "created_at": "2022-11-28T08:31:15.069Z", "updated_at": "2022-11-28T08:31:15.078Z"}}, {"model": "orders.order", "pk": 23, "fields": {"user": 8, "payment": null, "order_number": "2022112923", "first_name": "Vesal", "last_name": "Thong", "phone": "061993311", "email": "vesalratanak@gmail.com", "address_line_1": "line1", "address_line_2": "", "country": "United States", "state": "state", "city": "Phnom Penh", "order_note": "test order", "order_total": 2935.56, "tax": 57.56, "status": "New", "ip": "127.0.0.1", "is_ordered": false, "created_at": "2022-11-29T14:29:47.917Z", "updated_at": "2022-11-29T14:29:47.929Z"}}, {"model": "orders.order", "pk": 24, "fields": {"user": 8, "payment": null, "order_number": "2022112924", "first_name": "Vesal", "last_name": "Thong", "phone": "061993311", "email": "vesalratanak@gmail.com", "address_line_1": "line1", "address_line_2": "", "country": "United States", "state": "state", "city": "Phnom Penh", "order_note": "test order", "order_total": 2935.56, "tax": 57.56, "status": "New", "ip": "127.0.0.1", "is_ordered": false, "created_at": "2022-11-29T14:30:27.210Z", "updated_at": "2022-11-29T14:30:27.219Z"}}, {"model": "orders.order", "pk": 25, "fields": {"user": 8, "payment": null, "order_number": "2022112925", "first_name": "Vesal", "last_name": "Thong", "phone": "061993311", "email": "vesalratanak@gmail.com", "address_line_1": "line1", "address_line_2": "", "country": "United States", "state": "state", "city": "Phnom Penh", "order_note": "test order", "order_total": 2935.56, "tax": 57.56, "status": "New", "ip": "127.0.0.1", "is_ordered": false, "created_at": "2022-11-29T14:30:38.225Z", "updated_at": "2022-11-29T14:30:38.236Z"}}, {"model": "orders.order", "pk": 26, "fields": {"user": 8, "payment": null, "order_number": "2022112926", "first_name": "Vesal", "last_name": "Thong", "phone": "061993311", "email": "vesalratanak@gmail.com", "address_line_1": "line1", "address_line_2": "", "country": "United States", "state": "state", "city": "Phnom Penh", "order_note": "test order", "order_total": 2935.56, "tax": 57.56, "status": "New", "ip": "127.0.0.1", "is_ordered": false, "created_at": "2022-11-29T14:30:51.880Z", "updated_at": "2022-11-29T14:30:51.892Z"}}, {"model": "orders.orderproduct", "pk": 1, "fields": {"order": 16, "payment": 4, "user": 8, "product": 12, "quantity": 1, "product_price": 1439.0, "ordered": true, "created_at": "2022-11-28T08:08:12.958Z", "updated_at": "2022-11-28T08:08:12.987Z", "variations": [3, 6]}}]